Name,username,coric
,vivek,
,pritesh,
,anurag,
,naman,
,antima,
,shradha,
B. Frieling-Bailey,frielingbailey,correct
langa mocase,LMocase,correct
julie vanopdenbosch,blemmie,correct
Dr. Rachith Sridhar,RachithSridhar,correct
mkalte666,mkalte666,correct
ARTesana,liluh1,correct
jarrod suber,jarrodsuber,correct
Peruvian White,myroommatekarl,correct
Angus Young,puspacfc,correct
Winnie,TZVeryOwn,correct
Pratik Khanal,khanalpratik,correct
Karen,Kazfoxy,correct
TodaysPop,TodaysPop,correct
English Lugansk,loogunda,correct
RJ Brassfield,rjber15,correct
UnitedVStand,JacquelineDsou4,correct
Anya,AnyaGauld,correct
WINsconsin Nation,WINscoNation,correct
Ser Jon,Jonathanvan11,correct
cat blanchett,yoghourte,correct
secretcodem7,secretcodem7,correct
Just Say Helo!,JustSayHelo,correct
Karen Bozicovich,kbozi,correct
Iyabode olowojolu,Iyabosarah,correct
Swahili Coast,KenyaCoast,correct
Al Eneb E. Limalima,AlEneb25,correct
mahmood khan,mahmoodkhan,correct
RICH HOMIE BRI,BriannaMathers,correct
Indo Pulse,IndoPulse,correct
Divinesoul,SelfLoveAearw,correct
janajaiz,janajaiz,correct
Shilo Dalwood,dikenokikucu,correct
Curtis Ajmani,CAjmani,correct
DowoonPH,DowoonPH,correct
James Sexton,JamesASexton,correct
World Destinations,DESTlNATlONS,correct
Brand Guide,TheBrandGuide,correct
Adena Hollington,AdenaHollington,correct
Gigi Stam,gigistam,correct
Bobin James,BobinJames,correct
Kenny McDowall,crimbosocks,correct
Sajjad Tarakzai,SajjadTarakzai,correct
Kristina,BariKris,correct
Art of eVan,ArtofeVan,correct
Cody Crawford,Triplec1998,correct
Battousai Auditore,ODKing,correct
Yogesh Golwalkar,YGolwalkar,correct
Marco Wodopia,MarcoWodopia,correct
highly excellent rev,veneromatias,correct
Katie McCormack,kmccormack94,correct
berny,airydairy,correct
Majid Hussain,revival1924,correct
BC Ako,bcakoparati208,correct
Oleg Sopronenko,Trezzori,correct
DurhamBacker,DurhamBacker,correct
Omidokun Waheed,waydee77,correct
Muke Phakathi,Mukziey,correct
Hamid Akcali,HamidAkcali,correct
Tailwind,Tailwind3,correct
Wego Indonesia,WegoID,correct
Van de V,DrVdeV,correct
Raman Sama,samaraman123,correct
City 7TV,city7TV,correct
BusinessSharer,BusinessSharer,correct
jhtallboy,jhtallboy,correct
Daniel  Nwatu,NwatuDaniel,correct
Jan Jan,JanBlue555,correct
Brian Reese,BReesey,correct
Blessed,OMGItsMikeMars,correct
gyuEyes,Natzumi27,correct
Ali Haider,AIiHaider,correct
Allen Justine,cayfacagou530,correct
nasra,idknasra,correct
- [KC] -,LKianChong,correct
Jonathan Joyce,jonathanjoyce,correct
Clibus,clibustwitch,correct
WARFUCKINGRIOR,fionntyx,correct
Endun Vyrantinie.,endunvyrantinie,correct
Nando,ferrjimenez,correct
PATS 8-0 LAL 1-5,TeezyTheGawd,correct
PRDP 12th NOV,SKsSaltanat,correct
Denzel Myers,KINGMYERS,correct
Emmi Sproles,BrookeInBows,correct
PorscheClassy Media,PorscheClassy,correct
Elaine,elaine94149937,correct
Neta.,InfinityofDE,correct
natasja 13,lynnqunns,correct
OsintZone,OsintZone,correct
Reddit ELI5,ELI5Reddit,correct
lanasevilregal,Lanasregal,correct
Niall McIlroy,NiallMcIlroy,correct
Geoff Hill,geoffhillITV,correct
Jeff H,politicswarblog,correct
Abidan Dickons,fuwozitozowe,correct
World ViewsPakistan,wvpakis,correct
Irene Sobolov,IreneKsob,correct
Nafeesa Syeed,NafeesaSyeed,correct
Michelle,michellex3,correct
GJO,GJOptometrists,correc